area,nome_area,fascia_anagrafica,guariti,vaccinati
ABR,Abruzzo,05-11,0,0
ABR,Abruzzo,12-19,0,0
ABR,Abruzzo,20-29,0,0
ABR,Abruzzo,30-39,0,0
ABR,Abruzzo,40-49,0,0
ABR,Abruzzo,50-59,0,0
ABR,Abruzzo,60-69,20884,14701
ABR,Abruzzo,70-79,16502,20243
ABR,Abruzzo,80+,10108,14490
BAS,Basilicata,05-11,0,0
BAS,Basilicata,12-19,0,0
BAS,Basilicata,20-29,0,0
BAS,Basilicata,30-39,0,0
BAS,Basilicata,40-49,0,0
BAS,Basilicata,50-59,0,0
BAS,Basilicata,60-69,7198,5748
BAS,Basilicata,70-79,5388,6565
BAS,Basilicata,80+,3229,4918
CAL,Calabria,05-11,0,0
CAL,Calabria,12-19,0,0
CAL,Calabria,20-29,0,0
CAL,Calabria,30-39,0,0
CAL,Calabria,40-49,0,0
CAL,Calabria,50-59,0,0
CAL,Calabria,60-69,19095,13586
CAL,Calabria,70-79,12825,17849
CAL,Calabria,80+,5880,13961
CAM,Campania,05-11,0,0
CAM,Campania,12-19,0,0
CAM,Campania,20-29,0,0
CAM,Campania,30-39,0,0
CAM,Campania,40-49,0,0
CAM,Campania,50-59,0,0
CAM,Campania,60-69,64605,46438
CAM,Campania,70-79,48206,57446
CAM,Campania,80+,25579,32630
EMR,Emilia-Romagna,05-11,0,0
EMR,Emilia-Romagna,12-19,0,0
EMR,Emilia-Romagna,20-29,0,0
EMR,Emilia-Romagna,30-39,0,0
EMR,Emilia-Romagna,40-49,0,0
EMR,Emilia-Romagna,50-59,0,0
EMR,Emilia-Romagna,60-69,49640,121384
EMR,Emilia-Romagna,70-79,40512,140500
EMR,Emilia-Romagna,80+,30661,75432
FVG,Friuli-Venezia Giulia,05-11,0,0
FVG,Friuli-Venezia Giulia,12-19,0,0
FVG,Friuli-Venezia Giulia,20-29,0,0
FVG,Friuli-Venezia Giulia,30-39,0,0
FVG,Friuli-Venezia Giulia,40-49,0,0
FVG,Friuli-Venezia Giulia,50-59,0,0
FVG,Friuli-Venezia Giulia,60-69,15727,23324
FVG,Friuli-Venezia Giulia,70-79,12952,31263
FVG,Friuli-Venezia Giulia,80+,8493,22171
LAZ,Lazio,05-11,0,0
LAZ,Lazio,12-19,0,0
LAZ,Lazio,20-29,0,0
LAZ,Lazio,30-39,0,0
LAZ,Lazio,40-49,0,0
LAZ,Lazio,50-59,0,0
LAZ,Lazio,60-69,55788,90389
LAZ,Lazio,70-79,40171,107295
LAZ,Lazio,80+,21309,63768
LIG,Liguria,05-11,0,0
LIG,Liguria,12-19,0,0
LIG,Liguria,20-29,0,0
LIG,Liguria,30-39,0,0
LIG,Liguria,40-49,0,0
LIG,Liguria,50-59,0,0
LIG,Liguria,60-69,12040,32596
LIG,Liguria,70-79,9926,44454
LIG,Liguria,80+,5329,29070
LOM,Lombardia,05-11,0,0
LOM,Lombardia,12-19,0,0
LOM,Lombardia,20-29,0,0
LOM,Lombardia,30-39,0,0
LOM,Lombardia,40-49,0,0
LOM,Lombardia,50-59,0,0
LOM,Lombardia,60-69,92021,237341
LOM,Lombardia,70-79,75455,278549
LOM,Lombardia,80+,51832,177712
MAR,Marche,05-11,0,0
MAR,Marche,12-19,0,0
MAR,Marche,20-29,0,0
MAR,Marche,30-39,0,0
MAR,Marche,40-49,0,0
MAR,Marche,50-59,0,0
MAR,Marche,60-69,23006,20001
MAR,Marche,70-79,18683,26921
MAR,Marche,80+,12394,23115
MOL,Molise,05-11,0,0
MOL,Molise,12-19,0,0
MOL,Molise,20-29,0,0
MOL,Molise,30-39,0,0
MOL,Molise,40-49,0,0
MOL,Molise,50-59,0,0
MOL,Molise,60-69,3832,3781
MOL,Molise,70-79,2723,4429
MOL,Molise,80+,1572,3371
PAB,P.A. Bolzano,05-11,0,0
PAB,P.A. Bolzano,12-19,0,0
PAB,P.A. Bolzano,20-29,0,0
PAB,P.A. Bolzano,30-39,0,0
PAB,P.A. Bolzano,40-49,0,0
PAB,P.A. Bolzano,50-59,0,0
PAB,P.A. Bolzano,60-69,5672,7452
PAB,P.A. Bolzano,70-79,4001,9361
PAB,P.A. Bolzano,80+,3120,7241
PAT,P.A. Trento,05-11,0,0
PAT,P.A. Trento,12-19,0,0
PAT,P.A. Trento,20-29,0,0
PAT,P.A. Trento,30-39,0,0
PAT,P.A. Trento,40-49,0,0
PAT,P.A. Trento,50-59,0,0
PAT,P.A. Trento,60-69,7587,10475
PAT,P.A. Trento,70-79,5632,13428
PAT,P.A. Trento,80+,3504,9435
PIE,Piemonte,05-11,0,0
PIE,Piemonte,12-19,0,0
PIE,Piemonte,20-29,0,0
PIE,Piemonte,30-39,0,0
PIE,Piemonte,40-49,0,0
PIE,Piemonte,50-59,0,0
PIE,Piemonte,60-69,49697,102121
PIE,Piemonte,70-79,42341,136963
PIE,Piemonte,80+,26218,43527
PUG,Puglia,05-11,0,0
PUG,Puglia,12-19,0,0
PUG,Puglia,20-29,0,0
PUG,Puglia,30-39,0,0
PUG,Puglia,40-49,0,0
PUG,Puglia,50-59,0,0
PUG,Puglia,60-69,37725,52190
PUG,Puglia,70-79,31544,66023
PUG,Puglia,80+,17936,43388
SAR,Sardegna,05-11,0,0
SAR,Sardegna,12-19,0,0
SAR,Sardegna,20-29,0,0
SAR,Sardegna,30-39,0,0
SAR,Sardegna,40-49,0,0
SAR,Sardegna,50-59,0,0
SAR,Sardegna,60-69,17012,24138
SAR,Sardegna,70-79,12929,29224
SAR,Sardegna,80+,8304,15478
SIC,Sicilia,05-11,0,0
SIC,Sicilia,12-19,0,0
SIC,Sicilia,20-29,0,0
SIC,Sicilia,30-39,0,0
SIC,Sicilia,40-49,0,0
SIC,Sicilia,50-59,0,0
SIC,Sicilia,60-69,30132,38085
SIC,Sicilia,70-79,22599,46441
SIC,Sicilia,80+,12052,32172
TOS,Toscana,05-11,0,0
TOS,Toscana,12-19,0,0
TOS,Toscana,20-29,0,0
TOS,Toscana,30-39,0,0
TOS,Toscana,40-49,0,0
TOS,Toscana,50-59,0,0
TOS,Toscana,60-69,43085,91251
TOS,Toscana,70-79,37368,118185
TOS,Toscana,80+,24489,69151
UMB,Umbria,05-11,0,0
UMB,Umbria,12-19,0,0
UMB,Umbria,20-29,0,0
UMB,Umbria,30-39,0,0
UMB,Umbria,40-49,0,0
UMB,Umbria,50-59,0,0
UMB,Umbria,60-69,13525,14874
UMB,Umbria,70-79,11414,20350
UMB,Umbria,80+,8315,15098
VDA,Valle d'Aosta,05-11,0,0
VDA,Valle d'Aosta,12-19,0,0
VDA,Valle d'Aosta,20-29,0,0
VDA,Valle d'Aosta,30-39,0,0
VDA,Valle d'Aosta,40-49,0,0
VDA,Valle d'Aosta,50-59,0,0
VDA,Valle d'Aosta,60-69,841,2607
VDA,Valle d'Aosta,70-79,708,3422
VDA,Valle d'Aosta,80+,392,2188
VEN,Veneto,05-11,0,0
VEN,Veneto,12-19,0,0
VEN,Veneto,20-29,0,0
VEN,Veneto,30-39,0,0
VEN,Veneto,40-49,0,0
VEN,Veneto,50-59,0,0
VEN,Veneto,60-69,74200,85217
VEN,Veneto,70-79,57233,98337
VEN,Veneto,80+,37711,61586
